bufsize,itime
24,6.5268
32,3.35694
64,1.12345
128,0.67996
256,0.585923
512,0.556416
1024,0.542787
2048,0.534771
4096,0.536283
8192,0.537995
16384,0.522284
32768,0.525465